feature,log_odds,odds_ratio,or_ci_lower,or_ci_upper
const,4.66834947668178,106.5217805750857,91.48455143168631,124.03066484246465
years_since_review,0.585535123259201,1.7959517841162504,1.779310495814612,1.812748712749911
NumberSubmitters_num,-0.6547335956796952,0.5195804626310356,0.49833838878179215,0.5417279969295931
ConfidenceLevel_num,-3.9669070471293093,0.018931898142494703,0.017557114209023478,0.020414332504232736
conflicting,-5.915394635953637,0.002697595020782879,0.0022930569854829135,0.0031735011132399114
