model_risk_tier,n_variants,n_reclassified,reclass_rate
Critical,7435,7,0.000941492938802959
High,35129,8,0.00022773207321586154
Low,97781,283,0.0028942228040212312
Moderate,10716,41,0.003826054497946995
